{"uid":6061521,"is_instructor":true,"login_count":1,"search_count":2}
{"uid":11986457,"is_instructor":false,"login_count":4,"search_count":0}
{"uid":15995765,"is_instructor":false,"login_count":1,"search_count":0}
{"uid":9106912,"is_instructor":true,"login_count":3,"search_count":0}
{"uid":9882383,"is_instructor":false,"login_count":1,"search_count":0}
{"uid":5333200,"is_instructor":false,"login_count":1,"search_count":0}
{"uid":3583107,"is_instructor":false,"login_count":2,"search_count":0}
{"uid":11760157,"is_instructor":true,"login_count":1,"search_count":0}
{"uid":13150423,"is_instructor":false,"login_count":3,"search_count":0}
{"uid":8004609,"is_instructor":false,"login_count":4,"search_count":2}
{"uid":13536345,"is_instructor":false,"login_count":1,"search_count":3}
{"uid":52868,"is_instructor":false,"login_count":2,"search_count":4}
{"uid":9613243,"is_instructor":false,"login_count":6,"search_count":0}
{"uid":12986377,"is_instructor":true,"login_count":14,"search_count":0}
{"uid":9792541,"is_instructor":true,"login_count":1,"search_count":0}
{"uid":2815244,"is_instructor":false,"login_count":4,"search_count":0}
{"uid":13320527,"is_instructor":false,"login_count":7,"search_count":0}
{"uid":5651994,"is_instructor":false,"login_count":1,"search_count":0}
{"uid":12260537,"is_instructor":false,"login_count":1,"search_count":0}
{"uid":14915463,"is_instructor":true,"login_count":7,"search_count":0}
{"uid":8228927,"is_instructor":true,"login_count":7,"search_count":1}
{"uid":3378724,"is_instructor":true,"login_count":1,"search_count":0}
{"uid":5936973,"is_instructor":false,"login_count":1,"search_count":0}
{"uid":8373533,"is_instructor":true,"login_count":4,"search_count":0}
{"uid":16102156,"is_instructor":false,"login_count":1,"search_count":0}
{"uid":9185533,"is_instructor":false,"login_count":4,"search_count":2}
{"uid":8905420,"is_instructor":true,"login_count":4,"search_count":0}
{"uid":9954854,"is_instructor":false,"login_count":1,"search_count":1}
{"uid":14133079,"is_instructor":false,"login_count":6,"search_count":0}
{"uid":4716739,"is_instructor":false,"login_count":1,"search_count":0}
{"uid":12339949,"is_instructor":true,"login_count":4,"search_count":4}
{"uid":16465088,"is_instructor":false,"login_count":1,"search_count":0}
{"uid":14485631,"is_instructor":true,"login_count":2,"search_count":0}
{"uid":13479688,"is_instructor":true,"login_count":3,"search_count":0}
{"uid":13982326,"is_instructor":true,"login_count":1,"search_count":0}
{"uid":11076256,"is_instructor":false,"login_count":1,"search_count":0}
{"uid":11858437,"is_instructor":true,"login_count":6,"search_count":0}
{"uid":4034102,"is_instructor":false,"login_count":1,"search_count":0}
{"uid":7696052,"is_instructor":true,"login_count":1,"search_count":0}
{"uid":13103090,"is_instructor":true,"login_count":7,"search_count":2}
{"uid":15701977,"is_instructor":false,"login_count":8,"search_count":0}
{"uid":3996560,"is_instructor":true,"login_count":2,"search_count":0}
{"uid":13578367,"is_instructor":false,"login_count":1,"search_count":0}
{"uid":8473959,"is_instructor":false,"login_count":1,"search_count":3}
{"uid":4952803,"is_instructor":true,"login_count":6,"search_count":0}
{"uid":10476521,"is_instructor":false,"login_count":2,"search_count":0}
{"uid":6625293,"is_instructor":false,"login_count":3,"search_count":0}
{"uid":16152189,"is_instructor":false,"login_count":1,"search_count":3}
{"uid":12370203,"is_instructor":false,"login_count":3,"search_count":0}
{"uid":16379482,"is_instructor":false,"login_count":1,"search_count":0}
{"uid":10561621,"is_instructor":false,"login_count":1,"search_count":0}
{"uid":9542055,"is_instructor":false,"login_count":2,"search_count":0}
{"uid":14426215,"is_instructor":false,"login_count":5,"search_count":0}
{"uid":3596125,"is_instructor":true,"login_count":1,"search_count":1}
{"uid":1585489,"is_instructor":false,"login_count":1,"search_count":2}
{"uid":6503522,"is_instructor":false,"login_count":1,"search_count":0}
{"uid":13707991,"is_instructor":false,"login_count":4,"search_count":2}
{"uid":16307402,"is_instructor":false,"login_count":1,"search_count":0}
{"uid":4179688,"is_instructor":true,"login_count":4,"search_count":0}
{"uid":11855669,"is_instructor":false,"login_count":1,"search_count":0}
{"uid":1188165,"is_instructor":true,"login_count":1,"search_count":0}
{"uid":8992233,"is_instructor":true,"login_count":1,"search_count":2}
{"uid":6593337,"is_instructor":false,"login_count":1,"search_count":2}
{"uid":12818017,"is_instructor":false,"login_count":4,"search_count":0}
{"uid":9289541,"is_instructor":false,"login_count":2,"search_count":0}
{"uid":7119971,"is_instructor":false,"login_count":5,"search_count":0}
{"uid":15666401,"is_instructor":false,"login_count":1,"search_count":0}
{"uid":8102781,"is_instructor":true,"login_count":1,"search_count":0}
{"uid":2128420,"is_instructor":false,"login_count":2,"search_count":0}
{"uid":6778441,"is_instructor":false,"login_count":2,"search_count":0}
{"uid":15299641,"is_instructor":false,"login_count":1,"search_count":0}
{"uid":16691979,"is_instructor":true,"login_count":1,"search_count":0}
{"uid":6026021,"is_instructor":false,"login_count":3,"search_count":0}
{"uid":5573213,"is_instructor":false,"login_count":1,"search_count":0}
{"uid":7248535,"is_instructor":false,"login_count":2,"search_count":0}
{"uid":14341169,"is_instructor":false,"login_count":3,"search_count":0}
{"uid":268430,"is_instructor":true,"login_count":3,"search_count":2}
{"uid":1082427,"is_instructor":false,"login_count":2,"search_count":0}
{"uid":11360517,"is_instructor":true,"login_count":4,"search_count":0}
{"uid":3919480,"is_instructor":true,"login_count":2,"search_count":1}
{"uid":8186038,"is_instructor":false,"login_count":1,"search_count":0}
{"uid":4691263,"is_instructor":true,"login_count":1,"search_count":0}
{"uid":7355273,"is_instructor":true,"login_count":1,"search_count":0}
{"uid":13945044,"is_instructor":false,"login_count":2,"search_count":1}
{"uid":8648947,"is_instructor":false,"login_count":2,"search_count":0}
{"uid":14955604,"is_instructor":true,"login_count":2,"search_count":2}
{"uid":10372718,"is_instructor":true,"login_count":3,"search_count":1}
{"uid":13124596,"is_instructor":false,"login_count":2,"search_count":0}
{"uid":13170480,"is_instructor":false,"login_count":1,"search_count":0}
{"uid":10530538,"is_instructor":true,"login_count":1,"search_count":2}
{"uid":8024978,"is_instructor":false,"login_count":1,"search_count":3}
{"uid":15491559,"is_instructor":true,"login_count":3,"search_count":0}
{"uid":13825496,"is_instructor":false,"login_count":1,"search_count":0}
{"uid":4197889,"is_instructor":false,"login_count":2,"search_count":0}
{"uid":9722213,"is_instructor":false,"login_count":5,"search_count":0}
{"uid":14629029,"is_instructor":false,"login_count":6,"search_count":0}
{"uid":13485368,"is_instructor":false,"login_count":1,"search_count":0}
{"uid":9656655,"is_instructor":false,"login_count":2,"search_count":0}
{"uid":14759972,"is_instructor":false,"login_count":5,"search_count":0}
{"uid":11164560,"is_instructor":true,"login_count":1,"search_count":1}
{"uid":3878166,"is_instructor":true,"login_count":1,"search_count":0}
{"uid":2036945,"is_instructor":false,"login_count":1,"search_count":0}
{"uid":15756593,"is_instructor":false,"login_count":10,"search_count":1}
{"uid":7681152,"is_instructor":false,"login_count":5,"search_count":0}
{"uid":8927614,"is_instructor":true,"login_count":7,"search_count":0}
{"uid":14891655,"is_instructor":false,"login_count":3,"search_count":1}
{"uid":1037096,"is_instructor":true,"login_count":1,"search_count":3}
{"uid":5963002,"is_instructor":true,"login_count":1,"search_count":0}
{"uid":10456709,"is_instructor":false,"login_count":2,"search_count":0}
{"uid":14079919,"is_instructor":false,"login_count":3,"search_count":0}
{"uid":3815382,"is_instructor":false,"login_count":6,"search_count":0}
{"uid":3544903,"is_instructor":false,"login_count":11,"search_count":0}
{"uid":5640056,"is_instructor":false,"login_count":1,"search_count":0}
{"uid":3402261,"is_instructor":false,"login_count":1,"search_count":0}
{"uid":12959874,"is_instructor":false,"login_count":1,"search_count":0}
{"uid":12968885,"is_instructor":true,"login_count":1,"search_count":3}
{"uid":174594,"is_instructor":false,"login_count":2,"search_count":8}
{"uid":14227871,"is_instructor":false,"login_count":1,"search_count":1}
{"uid":8574693,"is_instructor":true,"login_count":2,"search_count":0}
{"uid":11211298,"is_instructor":false,"login_count":1,"search_count":4}
{"uid":1215461,"is_instructor":true,"login_count":2,"search_count":0}
{"uid":11723470,"is_instructor":true,"login_count":1,"search_count":0}
{"uid":955085,"is_instructor":true,"login_count":1,"search_count":0}
{"uid":12428923,"is_instructor":false,"login_count":4,"search_count":0}
{"uid":4953859,"is_instructor":false,"login_count":1,"search_count":0}
{"uid":9953974,"is_instructor":true,"login_count":1,"search_count":0}
{"uid":6421740,"is_instructor":false,"login_count":2,"search_count":1}
{"uid":13635125,"is_instructor":false,"login_count":7,"search_count":0}
{"uid":16379814,"is_instructor":false,"login_count":3,"search_count":0}
{"uid":3562222,"is_instructor":false,"login_count":1,"search_count":0}
{"uid":7491089,"is_instructor":false,"login_count":3,"search_count":0}
{"uid":15717813,"is_instructor":false,"login_count":1,"search_count":1}
{"uid":8553543,"is_instructor":true,"login_count":2,"search_count":0}
{"uid":3476168,"is_instructor":false,"login_count":1,"search_count":0}
{"uid":87006,"is_instructor":true,"login_count":2,"search_count":0}
{"uid":6254206,"is_instructor":false,"login_count":1,"search_count":0}
{"uid":12866967,"is_instructor":false,"login_count":1,"search_count":0}
{"uid":12360565,"is_instructor":false,"login_count":3,"search_count":1}
{"uid":3302590,"is_instructor":false,"login_count":1,"search_count":0}
{"uid":6733342,"is_instructor":false,"login_count":1,"search_count":2}
{"uid":5273298,"is_instructor":false,"login_count":1,"search_count":0}
{"uid":6598291,"is_instructor":true,"login_count":6,"search_count":0}
{"uid":1045725,"is_instructor":false,"login_count":6,"search_count":0}
{"uid":5377369,"is_instructor":true,"login_count":4,"search_count":0}
{"uid":800163,"is_instructor":false,"login_count":1,"search_count":0}
{"uid":15455378,"is_instructor":false,"login_count":1,"search_count":0}
{"uid":10528667,"is_instructor":false,"login_count":1,"search_count":0}
{"uid":4739021,"is_instructor":true,"login_count":1,"search_count":1}
{"uid":270944,"is_instructor":false,"login_count":3,"search_count":3}
{"uid":10787913,"is_instructor":true,"login_count":2,"search_count":2}
{"uid":8170908,"is_instructor":false,"login_count":3,"search_count":0}
{"uid":2043101,"is_instructor":true,"login_count":4,"search_count":0}
{"uid":12763079,"is_instructor":true,"login_count":2,"search_count":9}
{"uid":13333323,"is_instructor":false,"login_count":3,"search_count":0}
{"uid":15360494,"is_instructor":false,"login_count":6,"search_count":5}
{"uid":15103435,"is_instructor":false,"login_count":4,"search_count":0}
{"uid":9855721,"is_instructor":false,"login_count":2,"search_count":0}
{"uid":10581744,"is_instructor":false,"login_count":7,"search_count":0}
{"uid":5904820,"is_instructor":true,"login_count":1,"search_count":2}
{"uid":10526762,"is_instructor":true,"login_count":1,"search_count":0}
{"uid":1926246,"is_instructor":true,"login_count":4,"search_count":3}
{"uid":11143700,"is_instructor":true,"login_count":1,"search_count":0}
{"uid":11562931,"is_instructor":true,"login_count":2,"search_count":0}
{"uid":2615111,"is_instructor":false,"login_count":2,"search_count":1}
{"uid":1657315,"is_instructor":true,"login_count":1,"search_count":2}
{"uid":14321920,"is_instructor":true,"login_count":1,"search_count":0}
{"uid":16141315,"is_instructor":false,"login_count":1,"search_count":4}
{"uid":14256929,"is_instructor":true,"login_count":3,"search_count":0}
{"uid":13164838,"is_instructor":true,"login_count":1,"search_count":8}
{"uid":5085396,"is_instructor":false,"login_count":1,"search_count":0}
{"uid":2898229,"is_instructor":false,"login_count":3,"search_count":3}
{"uid":14105186,"is_instructor":false,"login_count":2,"search_count":1}
{"uid":15390031,"is_instructor":false,"login_count":3,"search_count":0}
{"uid":3372619,"is_instructor":false,"login_count":2,"search_count":0}
{"uid":13036598,"is_instructor":true,"login_count":13,"search_count":1}
{"uid":8233513,"is_instructor":false,"login_count":1,"search_count":1}
{"uid":3691369,"is_instructor":true,"login_count":2,"search_count":5}
{"uid":11354021,"is_instructor":true,"login_count":6,"search_count":0}
{"uid":4310571,"is_instructor":false,"login_count":1,"search_count":1}
{"uid":9796147,"is_instructor":false,"login_count":1,"search_count":0}
{"uid":12462283,"is_instructor":false,"login_count":2,"search_count":0}
{"uid":15338567,"is_instructor":false,"login_count":1,"search_count":1}
{"uid":2180213,"is_instructor":false,"login_count":7,"search_count":0}
{"uid":8420355,"is_instructor":false,"login_count":2,"search_count":2}
{"uid":13076079,"is_instructor":false,"login_count":1,"search_count":0}
{"uid":2102926,"is_instructor":true,"login_count":4,"search_count":0}
{"uid":5968290,"is_instructor":true,"login_count":2,"search_count":2}
{"uid":16394962,"is_instructor":false,"login_count":5,"search_count":0}
{"uid":16561396,"is_instructor":false,"login_count":14,"search_count":0}
{"uid":2321009,"is_instructor":true,"login_count":6,"search_count":0}
{"uid":12819864,"is_instructor":false,"login_count":1,"search_count":2}
{"uid":16360158,"is_instructor":true,"login_count":6,"search_count":0}
{"uid":8735657,"is_instructor":false,"login_count":5,"search_count":0}
{"uid":8090071,"is_instructor":false,"login_count":1,"search_count":0}
{"uid":7861767,"is_instructor":true,"login_count":6,"search_count":1}
{"uid":6458398,"is_instructor":false,"login_count":1,"search_count":0}
{"uid":14407265,"is_instructor":false,"login_count":3,"search_count":1}
{"uid":15584890,"is_instructor":true,"login_count":1,"search_count":2}
{"uid":9587918,"is_instructor":false,"login_count":3,"search_count":0}
{"uid":2990790,"is_instructor":false,"login_count":1,"search_count":0}
{"uid":4362637,"is_instructor":false,"login_count":2,"search_count":0}
{"uid":15222288,"is_instructor":false,"login_count":2,"search_count":0}
{"uid":6483976,"is_instructor":false,"login_count":3,"search_count":0}
{"uid":9557487,"is_instructor":false,"login_count":3,"search_count":4}
{"uid":10545206,"is_instructor":true,"login_count":6,"search_count":1}
{"uid":2129136,"is_instructor":false,"login_count":4,"search_count":0}
{"uid":13539989,"is_instructor":false,"login_count":3,"search_count":0}
{"uid":5220270,"is_instructor":false,"login_count":2,"search_count":3}
{"uid":5501249,"is_instructor":false,"login_count":3,"search_count":0}
{"uid":15589987,"is_instructor":false,"login_count":1,"search_count":0}
{"uid":2327303,"is_instructor":false,"login_count":3,"search_count":0}
{"uid":1638829,"is_instructor":true,"login_count":3,"search_count":0}
{"uid":596881,"is_instructor":true,"login_count":2,"search_count":0}
{"uid":10503036,"is_instructor":true,"login_count":3,"search_count":2}
{"uid":16583791,"is_instructor":false,"login_count":3,"search_count":0}
{"uid":4206878,"is_instructor":false,"login_count":2,"search_count":1}
{"uid":10189024,"is_instructor":false,"login_count":1,"search_count":0}
{"uid":11256342,"is_instructor":false,"login_count":1,"search_count":0}
{"uid":6773976,"is_instructor":true,"login_count":2,"search_count":0}
{"uid":5489066,"is_instructor":true,"login_count":2,"search_count":0}
{"uid":14040957,"is_instructor":true,"login_count":2,"search_count":0}
{"uid":13179054,"is_instructor":false,"login_count":4,"search_count":1}
{"uid":2776458,"is_instructor":false,"login_count":1,"search_count":0}
{"uid":10689275,"is_instructor":true,"login_count":1,"search_count":0}
{"uid":11366650,"is_instructor":true,"login_count":1,"search_count":1}
{"uid":7239517,"is_instructor":false,"login_count":4,"search_count":3}
{"uid":11000567,"is_instructor":false,"login_count":1,"search_count":1}
{"uid":4587688,"is_instructor":true,"login_count":1,"search_count":0}
{"uid":11617802,"is_instructor":true,"login_count":2,"search_count":0}
{"uid":5125167,"is_instructor":false,"login_count":3,"search_count":0}
{"uid":15020884,"is_instructor":false,"login_count":3,"search_count":3}
{"uid":13477636,"is_instructor":true,"login_count":3,"search_count":0}
{"uid":6655537,"is_instructor":true,"login_count":3,"search_count":0}
{"uid":8781124,"is_instructor":false,"login_count":2,"search_count":0}
{"uid":6980579,"is_instructor":false,"login_count":2,"search_count":1}
{"uid":3012868,"is_instructor":false,"login_count":1,"search_count":0}
{"uid":1724865,"is_instructor":false,"login_count":3,"search_count":0}
{"uid":12490408,"is_instructor":false,"login_count":6,"search_count":0}
{"uid":10310156,"is_instructor":false,"login_count":2,"search_count":0}
{"uid":14901043,"is_instructor":true,"login_count":2,"search_count":3}
{"uid":6059017,"is_instructor":true,"login_count":1,"search_count":1}
{"uid":5026247,"is_instructor":false,"login_count":1,"search_count":0}
{"uid":13551702,"is_instructor":false,"login_count":1,"search_count":0}
{"uid":13210618,"is_instructor":true,"login_count":1,"search_count":0}
{"uid":3546309,"is_instructor":false,"login_count":1,"search_count":1}
{"uid":15678809,"is_instructor":false,"login_count":4,"search_count":0}
{"uid":12960923,"is_instructor":false,"login_count":1,"search_count":0}
{"uid":12593822,"is_instructor":false,"login_count":2,"search_count":1}
{"uid":3942521,"is_instructor":false,"login_count":1,"search_count":0}
{"uid":13147682,"is_instructor":true,"login_count":3,"search_count":1}
{"uid":4892375,"is_instructor":false,"login_count":2,"search_count":2}
{"uid":9052389,"is_instructor":false,"login_count":1,"search_count":0}
{"uid":6753317,"is_instructor":true,"login_count":1,"search_count":0}
{"uid":7362405,"is_instructor":false,"login_count":3,"search_count":3}
{"uid":7976170,"is_instructor":true,"login_count":9,"search_count":0}
{"uid":7975272,"is_instructor":false,"login_count":6,"search_count":0}
{"uid":3522037,"is_instructor":false,"login_count":4,"search_count":0}
{"uid":4929052,"is_instructor":false,"login_count":11,"search_count":8}
{"uid":15949680,"is_instructor":true,"login_count":2,"search_count":0}
{"uid":8839893,"is_instructor":false,"login_count":3,"search_count":0}
{"uid":8211964,"is_instructor":true,"login_count":2,"search_count":0}
{"uid":8574817,"is_instructor":false,"login_count":3,"search_count":0}
{"uid":13102925,"is_instructor":true,"login_count":1,"search_count":0}
{"uid":6599382,"is_instructor":true,"login_count":1,"search_count":0}
{"uid":10345224,"is_instructor":false,"login_count":6,"search_count":2}
{"uid":14055102,"is_instructor":false,"login_count":1,"search_count":0}
{"uid":4224934,"is_instructor":true,"login_count":4,"search_count":0}
{"uid":6779627,"is_instructor":false,"login_count":1,"search_count":0}
{"uid":13732144,"is_instructor":true,"login_count":4,"search_count":1}
{"uid":9750256,"is_instructor":true,"login_count":5,"search_count":2}
{"uid":2368013,"is_instructor":true,"login_count":9,"search_count":9}
{"uid":9871311,"is_instructor":false,"login_count":12,"search_count":0}
{"uid":14086179,"is_instructor":true,"login_count":2,"search_count":0}
{"uid":9727892,"is_instructor":false,"login_count":1,"search_count":0}
{"uid":12640601,"is_instructor":false,"login_count":1,"search_count":0}
{"uid":12205217,"is_instructor":false,"login_count":3,"search_count":4}
{"uid":4706731,"is_instructor":false,"login_count":1,"search_count":1}
{"uid":5380440,"is_instructor":false,"login_count":2,"search_count":0}
{"uid":1440233,"is_instructor":false,"login_count":1,"search_count":0}
{"uid":3494291,"is_instructor":true,"login_count":1,"search_count":2}
{"uid":4647750,"is_instructor":false,"login_count":2,"search_count":0}
{"uid":6424168,"is_instructor":false,"login_count":1,"search_count":1}
{"uid":1547629,"is_instructor":false,"login_count":7,"search_count":0}
{"uid":3754509,"is_instructor":false,"login_count":2,"search_count":0}
{"uid":5960598,"is_instructor":false,"login_count":1,"search_count":1}
{"uid":10661844,"is_instructor":false,"login_count":1,"search_count":0}
{"uid":13444354,"is_instructor":false,"login_count":3,"search_count":0}
{"uid":12857921,"is_instructor":true,"login_count":1,"search_count":0}
{"uid":3305956,"is_instructor":true,"login_count":4,"search_count":0}
{"uid":12787783,"is_instructor":true,"login_count":1,"search_count":0}
{"uid":14363016,"is_instructor":true,"login_count":1,"search_count":0}
{"uid":12121350,"is_instructor":false,"login_count":1,"search_count":1}
{"uid":4320896,"is_instructor":false,"login_count":1,"search_count":0}
{"uid":4573973,"is_instructor":true,"login_count":2,"search_count":0}
{"uid":7089303,"is_instructor":false,"login_count":2,"search_count":0}
{"uid":2142572,"is_instructor":false,"login_count":3,"search_count":0}
{"uid":325848,"is_instructor":false,"login_count":2,"search_count":0}
{"uid":12426740,"is_instructor":false,"login_count":1,"search_count":0}
{"uid":1706436,"is_instructor":false,"login_count":1,"search_count":0}
{"uid":5279526,"is_instructor":true,"login_count":1,"search_count":3}
{"uid":15646415,"is_instructor":true,"login_count":1,"search_count":0}
{"uid":15703904,"is_instructor":false,"login_count":6,"search_count":0}
{"uid":6134472,"is_instructor":false,"login_count":2,"search_count":4}
{"uid":7659738,"is_instructor":false,"login_count":3,"search_count":0}
{"uid":2781844,"is_instructor":false,"login_count":2,"search_count":0}
{"uid":10987810,"is_instructor":false,"login_count":1,"search_count":0}
{"uid":11917696,"is_instructor":false,"login_count":4,"search_count":0}
{"uid":866028,"is_instructor":false,"login_count":6,"search_count":0}
{"uid":10787988,"is_instructor":true,"login_count":2,"search_count":0}
{"uid":16427258,"is_instructor":false,"login_count":1,"search_count":7}
{"uid":3857555,"is_instructor":false,"login_count":2,"search_count":0}
{"uid":368693,"is_instructor":true,"login_count":1,"search_count":0}
{"uid":11376182,"is_instructor":false,"login_count":2,"search_count":3}
{"uid":3686072,"is_instructor":false,"login_count":2,"search_count":1}
{"uid":15254131,"is_instructor":true,"login_count":1,"search_count":9}
{"uid":1381208,"is_instructor":false,"login_count":1,"search_count":0}
{"uid":11306742,"is_instructor":false,"login_count":2,"search_count":0}
{"uid":12804522,"is_instructor":false,"login_count":2,"search_count":1}
{"uid":14715126,"is_instructor":false,"login_count":3,"search_count":0}
{"uid":9061607,"is_instructor":false,"login_count":3,"search_count":3}
{"uid":5747174,"is_instructor":true,"login_count":3,"search_count":0}
{"uid":13946647,"is_instructor":false,"login_count":3,"search_count":0}
{"uid":11074349,"is_instructor":false,"login_count":3,"search_count":2}
{"uid":16130194,"is_instructor":false,"login_count":4,"search_count":1}
{"uid":8044609,"is_instructor":true,"login_count":10,"search_count":0}
{"uid":12815173,"is_instructor":false,"login_count":5,"search_count":6}
{"uid":8598640,"is_instructor":true,"login_count":1,"search_count":0}
{"uid":8942009,"is_instructor":true,"login_count":2,"search_count":0}
{"uid":1079304,"is_instructor":false,"login_count":1,"search_count":0}
{"uid":12613723,"is_instructor":false,"login_count":1,"search_count":0}
{"uid":8703823,"is_instructor":false,"login_count":2,"search_count":0}
{"uid":11206572,"is_instructor":true,"login_count":5,"search_count":1}
{"uid":15683126,"is_instructor":false,"login_count":6,"search_count":0}
{"uid":10494237,"is_instructor":false,"login_count":1,"search_count":6}
{"uid":12880156,"is_instructor":false,"login_count":4,"search_count":6}
{"uid":8339837,"is_instructor":true,"login_count":1,"search_count":0}
{"uid":13005291,"is_instructor":false,"login_count":5,"search_count":0}
{"uid":8300037,"is_instructor":false,"login_count":2,"search_count":0}
{"uid":4850694,"is_instructor":false,"login_count":5,"search_count":0}
{"uid":7083145,"is_instructor":false,"login_count":1,"search_count":0}
{"uid":4598877,"is_instructor":false,"login_count":1,"search_count":0}
{"uid":14933332,"is_instructor":true,"login_count":5,"search_count":0}
{"uid":14856901,"is_instructor":false,"login_count":2,"search_count":0}
{"uid":6184331,"is_instructor":true,"login_count":1,"search_count":5}
{"uid":12208840,"is_instructor":true,"login_count":2,"search_count":1}
{"uid":9290175,"is_instructor":true,"login_count":1,"search_count":0}
{"uid":5939488,"is_instructor":false,"login_count":1,"search_count":0}
{"uid":3128388,"is_instructor":false,"login_count":1,"search_count":0}
{"uid":15198335,"is_instructor":false,"login_count":2,"search_count":0}
{"uid":917351,"is_instructor":false,"login_count":1,"search_count":0}
{"uid":6531675,"is_instructor":true,"login_count":1,"search_count":1}
{"uid":10496110,"is_instructor":false,"login_count":1,"search_count":0}
{"uid":6117982,"is_instructor":false,"login_count":4,"search_count":0}
{"uid":9679902,"is_instructor":false,"login_count":13,"search_count":0}
{"uid":193986,"is_instructor":false,"login_count":5,"search_count":0}
{"uid":3751590,"is_instructor":true,"login_count":1,"search_count":1}
{"uid":12504661,"is_instructor":false,"login_count":2,"search_count":0}
{"uid":8436624,"is_instructor":false,"login_count":1,"search_count":0}
{"uid":15339771,"is_instructor":false,"login_count":2,"search_count":0}
{"uid":1141181,"is_instructor":false,"login_count":4,"search_count":0}
{"uid":10773758,"is_instructor":false,"login_count":3,"search_count":1}
{"uid":3365272,"is_instructor":false,"login_count":6,"search_count":1}
{"uid":14625002,"is_instructor":false,"login_count":1,"search_count":1}
{"uid":13191706,"is_instructor":false,"login_count":5,"search_count":3}
{"uid":12458209,"is_instructor":false,"login_count":4,"search_count":0}
{"uid":13081603,"is_instructor":false,"login_count":1,"search_count":1}
{"uid":1032514,"is_instructor":false,"login_count":2,"search_count":2}
{"uid":2052840,"is_instructor":true,"login_count":2,"search_count":8}
{"uid":14215627,"is_instructor":false,"login_count":2,"search_count":2}
{"uid":8448865,"is_instructor":false,"login_count":2,"search_count":8}
{"uid":12634393,"is_instructor":true,"login_count":2,"search_count":1}
{"uid":12774291,"is_instructor":false,"login_count":6,"search_count":0}
{"uid":13940698,"is_instructor":false,"login_count":1,"search_count":0}
{"uid":547507,"is_instructor":false,"login_count":2,"search_count":0}
{"uid":175145,"is_instructor":true,"login_count":2,"search_count":0}
{"uid":853849,"is_instructor":false,"login_count":2,"search_count":0}
{"uid":9987564,"is_instructor":false,"login_count":1,"search_count":1}
{"uid":10841477,"is_instructor":true,"login_count":2,"search_count":1}
{"uid":1958906,"is_instructor":false,"login_count":5,"search_count":2}
{"uid":9803637,"is_instructor":false,"login_count":1,"search_count":1}
{"uid":5785997,"is_instructor":true,"login_count":1,"search_count":0}
{"uid":8524918,"is_instructor":true,"login_count":3,"search_count":3}
{"uid":3816152,"is_instructor":true,"login_count":1,"search_count":0}
{"uid":6805047,"is_instructor":true,"login_count":1,"search_count":2}
{"uid":10725168,"is_instructor":false,"login_count":2,"search_count":0}
{"uid":16672859,"is_instructor":true,"login_count":3,"search_count":0}
{"uid":659849,"is_instructor":true,"login_count":4,"search_count":0}
{"uid":8527725,"is_instructor":false,"login_count":5,"search_count":0}
{"uid":7810455,"is_instructor":false,"login_count":1,"search_count":1}
{"uid":15433187,"is_instructor":true,"login_count":5,"search_count":0}
{"uid":9496558,"is_instructor":false,"login_count":2,"search_count":1}
{"uid":6549172,"is_instructor":false,"login_count":1,"search_count":3}
{"uid":11025873,"is_instructor":true,"login_count":3,"search_count":0}
{"uid":8226619,"is_instructor":false,"login_count":4,"search_count":0}
{"uid":8062009,"is_instructor":false,"login_count":4,"search_count":5}
{"uid":10657397,"is_instructor":false,"login_count":1,"search_count":0}
{"uid":1400519,"is_instructor":false,"login_count":2,"search_count":0}
{"uid":509223,"is_instructor":true,"login_count":5,"search_count":0}
{"uid":11535904,"is_instructor":true,"login_count":1,"search_count":0}
{"uid":16775557,"is_instructor":false,"login_count":3,"search_count":0}
{"uid":16170095,"is_instructor":false,"login_count":7,"search_count":0}
{"uid":8981199,"is_instructor":false,"login_count":2,"search_count":0}
{"uid":16717930,"is_instructor":true,"login_count":5,"search_count":0}
{"uid":9836556,"is_instructor":true,"login_count":1,"search_count":3}
{"uid":3637508,"is_instructor":true,"login_count":2,"search_count":0}
{"uid":5775520,"is_instructor":false,"login_count":1,"search_count":0}
{"uid":8485832,"is_instructor":false,"login_count":2,"search_count":0}
{"uid":3644270,"is_instructor":false,"login_count":4,"search_count":0}
{"uid":10091733,"is_instructor":true,"login_count":1,"search_count":0}
{"uid":14813590,"is_instructor":true,"login_count":2,"search_count":0}
{"uid":11566267,"is_instructor":false,"login_count":1,"search_count":2}
{"uid":7197110,"is_instructor":false,"login_count":1,"search_count":0}
{"uid":7607336,"is_instructor":true,"login_count":2,"search_count":2}
{"uid":39043,"is_instructor":false,"login_count":1,"search_count":0}
{"uid":8081778,"is_instructor":false,"login_count":4,"search_count":0}
{"uid":9248322,"is_instructor":false,"login_count":1,"search_count":1}
{"uid":15466394,"is_instructor":false,"login_count":7,"search_count":0}
{"uid":13206473,"is_instructor":false,"login_count":3,"search_count":0}
{"uid":6660248,"is_instructor":false,"login_count":1,"search_count":1}
{"uid":13519545,"is_instructor":true,"login_count":4,"search_count":0}
{"uid":11080474,"is_instructor":false,"login_count":7,"search_count":0}
{"uid":12822945,"is_instructor":true,"login_count":2,"search_count":0}
{"uid":6965534,"is_instructor":false,"login_count":2,"search_count":0}
{"uid":9033426,"is_instructor":false,"login_count":1,"search_count":0}
{"uid":4644383,"is_instructor":false,"login_count":7,"search_count":1}
{"uid":4039745,"is_instructor":true,"login_count":1,"search_count":0}
{"uid":5618472,"is_instructor":false,"login_count":1,"search_count":0}
{"uid":10232376,"is_instructor":false,"login_count":2,"search_count":0}
{"uid":14496787,"is_instructor":true,"login_count":2,"search_count":0}
{"uid":7060464,"is_instructor":true,"login_count":1,"search_count":0}
{"uid":14965621,"is_instructor":false,"login_count":2,"search_count":0}
{"uid":12164550,"is_instructor":false,"login_count":3,"search_count":0}
{"uid":3180160,"is_instructor":true,"login_count":1,"search_count":8}
{"uid":13033699,"is_instructor":false,"login_count":2,"search_count":0}
{"uid":9310769,"is_instructor":false,"login_count":2,"search_count":0}
{"uid":1218512,"is_instructor":false,"login_count":1,"search_count":0}
{"uid":12965030,"is_instructor":false,"login_count":1,"search_count":1}
{"uid":11758330,"is_instructor":false,"login_count":1,"search_count":0}
{"uid":7545446,"is_instructor":true,"login_count":6,"search_count":0}
{"uid":13294389,"is_instructor":true,"login_count":1,"search_count":0}
{"uid":204924,"is_instructor":false,"login_count":2,"search_count":0}
{"uid":14197405,"is_instructor":false,"login_count":1,"search_count":0}
{"uid":7344854,"is_instructor":false,"login_count":1,"search_count":0}
{"uid":8394842,"is_instructor":true,"login_count":3,"search_count":0}
{"uid":203495,"is_instructor":true,"login_count":1,"search_count":0}
{"uid":1184250,"is_instructor":false,"login_count":2,"search_count":0}
{"uid":4259522,"is_instructor":true,"login_count":2,"search_count":0}
{"uid":12698376,"is_instructor":true,"login_count":1,"search_count":0}
{"uid":10717421,"is_instructor":false,"login_count":5,"search_count":0}
{"uid":9774998,"is_instructor":false,"login_count":1,"search_count":0}
{"uid":12665409,"is_instructor":false,"login_count":8,"search_count":0}
{"uid":14905733,"is_instructor":false,"login_count":2,"search_count":0}
{"uid":14128599,"is_instructor":true,"login_count":1,"search_count":0}
{"uid":9326458,"is_instructor":false,"login_count":5,"search_count":0}
{"uid":14256208,"is_instructor":false,"login_count":1,"search_count":0}
{"uid":13311817,"is_instructor":false,"login_count":1,"search_count":0}
{"uid":15337114,"is_instructor":false,"login_count":1,"search_count":0}
{"uid":6410470,"is_instructor":true,"login_count":1,"search_count":0}
{"uid":2861216,"is_instructor":false,"login_count":1,"search_count":1}
{"uid":429071,"is_instructor":false,"login_count":4,"search_count":0}
{"uid":2042472,"is_instructor":false,"login_count":3,"search_count":0}
{"uid":9063604,"is_instructor":true,"login_count":2,"search_count":0}
{"uid":15171509,"is_instructor":false,"login_count":2,"search_count":0}
{"uid":3170318,"is_instructor":true,"login_count":1,"search_count":0}
{"uid":15150247,"is_instructor":false,"login_count":2,"search_count":0}
{"uid":10200608,"is_instructor":false,"login_count":1,"search_count":0}
{"uid":7390572,"is_instructor":false,"login_count":2,"search_count":0}
{"uid":12077989,"is_instructor":true,"login_count":2,"search_count":1}
{"uid":1478415,"is_instructor":false,"login_count":3,"search_count":0}
{"uid":13040942,"is_instructor":true,"login_count":2,"search_count":0}
{"uid":15231122,"is_instructor":false,"login_count":7,"search_count":1}
{"uid":4120397,"is_instructor":true,"login_count":2,"search_count":0}
{"uid":8017026,"is_instructor":false,"login_count":1,"search_count":0}
{"uid":16151184,"is_instructor":true,"login_count":1,"search_count":2}
{"uid":1622454,"is_instructor":true,"login_count":1,"search_count":2}
{"uid":6941709,"is_instructor":false,"login_count":3,"search_count":0}
{"uid":6799521,"is_instructor":false,"login_count":3,"search_count":1}
{"uid":2760652,"is_instructor":false,"login_count":4,"search_count":5}
{"uid":7244824,"is_instructor":true,"login_count":4,"search_count":1}
{"uid":3469933,"is_instructor":false,"login_count":1,"search_count":4}
{"uid":4333605,"is_instructor":false,"login_count":1,"search_count":1}
{"uid":252639,"is_instructor":false,"login_count":1,"search_count":0}
{"uid":14338776,"is_instructor":false,"login_count":8,"search_count":0}
{"uid":325327,"is_instructor":false,"login_count":3,"search_count":0}
{"uid":7484928,"is_instructor":true,"login_count":2,"search_count":0}
{"uid":12970825,"is_instructor":false,"login_count":1,"search_count":0}
{"uid":4197454,"is_instructor":false,"login_count":3,"search_count":0}
{"uid":2183257,"is_instructor":true,"login_count":6,"search_count":0}
{"uid":13468850,"is_instructor":true,"login_count":1,"search_count":3}
{"uid":10148905,"is_instructor":false,"login_count":2,"search_count":0}
{"uid":15120020,"is_instructor":false,"login_count":4,"search_count":0}
{"uid":1202645,"is_instructor":true,"login_count":2,"search_count":0}
{"uid":4008090,"is_instructor":true,"login_count":4,"search_count":5}
{"uid":10396621,"is_instructor":false,"login_count":3,"search_count":0}
{"uid":14616682,"is_instructor":false,"login_count":1,"search_count":0}
{"uid":8234352,"is_instructor":false,"login_count":1,"search_count":0}
{"uid":1240360,"is_instructor":false,"login_count":3,"search_count":0}
{"uid":6773067,"is_instructor":true,"login_count":2,"search_count":0}
{"uid":14463578,"is_instructor":false,"login_count":1,"search_count":0}
{"uid":1177099,"is_instructor":true,"login_count":5,"search_count":0}
{"uid":7460906,"is_instructor":false,"login_count":1,"search_count":0}
{"uid":10291383,"is_instructor":false,"login_count":1,"search_count":0}
{"uid":13885501,"is_instructor":false,"login_count":2,"search_count":0}
{"uid":11894451,"is_instructor":false,"login_count":6,"search_count":4}
{"uid":1117598,"is_instructor":false,"login_count":8,"search_count":2}
{"uid":8117747,"is_instructor":true,"login_count":1,"search_count":0}
{"uid":3701785,"is_instructor":true,"login_count":1,"search_count":3}
{"uid":14725572,"is_instructor":false,"login_count":4,"search_count":0}
{"uid":8053137,"is_instructor":true,"login_count":5,"search_count":0}
{"uid":13789277,"is_instructor":true,"login_count":11,"search_count":4}
{"uid":387824,"is_instructor":false,"login_count":4,"search_count":2}
{"uid":3258202,"is_instructor":true,"login_count":2,"search_count":4}
{"uid":2465070,"is_instructor":false,"login_count":2,"search_count":8}
{"uid":16429119,"is_instructor":false,"login_count":5,"search_count":0}
{"uid":3142498,"is_instructor":false,"login_count":1,"search_count":0}
{"uid":6908932,"is_instructor":true,"login_count":1,"search_count":0}
{"uid":2013311,"is_instructor":false,"login_count":2,"search_count":0}
{"uid":5630056,"is_instructor":false,"login_count":4,"search_count":0}
{"uid":5877743,"is_instructor":false,"login_count":5,"search_count":3}
{"uid":11072428,"is_instructor":true,"login_count":2,"search_count":1}
{"uid":16189843,"is_instructor":true,"login_count":6,"search_count":2}
{"uid":4281220,"is_instructor":false,"login_count":1,"search_count":0}
{"uid":8976511,"is_instructor":false,"login_count":1,"search_count":1}
{"uid":5889078,"is_instructor":false,"login_count":3,"search_count":0}
{"uid":7479185,"is_instructor":false,"login_count":1,"search_count":0}
{"uid":4288278,"is_instructor":true,"login_count":4,"search_count":1}
{"uid":9509272,"is_instructor":true,"login_count":1,"search_count":2}
{"uid":8140664,"is_instructor":false,"login_count":1,"search_count":0}
{"uid":1203395,"is_instructor":false,"login_count":3,"search_count":0}
{"uid":3725688,"is_instructor":false,"login_count":3,"search_count":0}
{"uid":11327010,"is_instructor":false,"login_count":7,"search_count":0}
{"uid":15364876,"is_instructor":true,"login_count":2,"search_count":0}
{"uid":7978969,"is_instructor":true,"login_count":7,"search_count":1}
{"uid":6479290,"is_instructor":false,"login_count":1,"search_count":0}
{"uid":8202015,"is_instructor":false,"login_count":1,"search_count":0}
{"uid":12505280,"is_instructor":true,"login_count":3,"search_count":0}
{"uid":2272480,"is_instructor":false,"login_count":1,"search_count":1}
{"uid":2247594,"is_instructor":false,"login_count":3,"search_count":0}
{"uid":7690987,"is_instructor":false,"login_count":2,"search_count":0}
{"uid":8368537,"is_instructor":false,"login_count":1,"search_count":0}
{"uid":596434,"is_instructor":false,"login_count":1,"search_count":0}
{"uid":12069041,"is_instructor":true,"login_count":1,"search_count":1}
{"uid":16035315,"is_instructor":false,"login_count":2,"search_count":1}
{"uid":10762578,"is_instructor":true,"login_count":7,"search_count":0}
{"uid":13717212,"is_instructor":true,"login_count":2,"search_count":1}
{"uid":15445045,"is_instructor":true,"login_count":1,"search_count":0}
{"uid":12026355,"is_instructor":true,"login_count":2,"search_count":0}
{"uid":11007452,"is_instructor":false,"login_count":1,"search_count":0}
{"uid":6048522,"is_instructor":false,"login_count":1,"search_count":0}
{"uid":7908287,"is_instructor":false,"login_count":1,"search_count":1}
{"uid":8207738,"is_instructor":true,"login_count":1,"search_count":5}
{"uid":11596410,"is_instructor":false,"login_count":1,"search_count":0}
{"uid":7639726,"is_instructor":true,"login_count":8,"search_count":0}
{"uid":495192,"is_instructor":false,"login_count":2,"search_count":0}
{"uid":3860260,"is_instructor":false,"login_count":1,"search_count":0}
{"uid":6206339,"is_instructor":true,"login_count":4,"search_count":1}
{"uid":6302090,"is_instructor":true,"login_count":2,"search_count":0}
{"uid":16489238,"is_instructor":true,"login_count":1,"search_count":0}
{"uid":4781429,"is_instructor":true,"login_count":1,"search_count":0}
{"uid":674805,"is_instructor":true,"login_count":1,"search_count":5}
{"uid":6595557,"is_instructor":true,"login_count":8,"search_count":0}
{"uid":9992904,"is_instructor":false,"login_count":1,"search_count":2}
{"uid":11912365,"is_instructor":false,"login_count":1,"search_count":1}
{"uid":16278296,"is_instructor":false,"login_count":4,"search_count":1}
{"uid":311808,"is_instructor":false,"login_count":1,"search_count":0}
{"uid":2730735,"is_instructor":false,"login_count":2,"search_count":0}
{"uid":7123798,"is_instructor":false,"login_count":1,"search_count":0}
{"uid":12854638,"is_instructor":false,"login_count":2,"search_count":1}
{"uid":6056562,"is_instructor":false,"login_count":11,"search_count":0}
{"uid":14241710,"is_instructor":true,"login_count":4,"search_count":0}
{"uid":458564,"is_instructor":true,"login_count":4,"search_count":0}
{"uid":3761361,"is_instructor":false,"login_count":1,"search_count":1}
{"uid":4671200,"is_instructor":false,"login_count":7,"search_count":0}
{"uid":1638057,"is_instructor":false,"login_count":2,"search_count":0}
{"uid":15432377,"is_instructor":false,"login_count":1,"search_count":0}
{"uid":1791653,"is_instructor":false,"login_count":2,"search_count":3}
{"uid":3008340,"is_instructor":false,"login_count":3,"search_count":0}
{"uid":16689158,"is_instructor":false,"login_count":3,"search_count":0}
{"uid":608185,"is_instructor":false,"login_count":1,"search_count":0}
{"uid":6542271,"is_instructor":false,"login_count":3,"search_count":0}
{"uid":5653818,"is_instructor":true,"login_count":1,"search_count":0}
{"uid":5233089,"is_instructor":true,"login_count":4,"search_count":0}
{"uid":16111503,"is_instructor":true,"login_count":2,"search_count":0}
{"uid":6491897,"is_instructor":true,"login_count":2,"search_count":1}
{"uid":9527156,"is_instructor":true,"login_count":2,"search_count":1}
{"uid":699035,"is_instructor":false,"login_count":6,"search_count":0}
{"uid":8764885,"is_instructor":true,"login_count":1,"search_count":1}
{"uid":12182293,"is_instructor":false,"login_count":7,"search_count":0}
{"uid":14165154,"is_instructor":true,"login_count":1,"search_count":1}
{"uid":15930865,"is_instructor":false,"login_count":1,"search_count":0}
{"uid":9095243,"is_instructor":false,"login_count":1,"search_count":0}
{"uid":10740849,"is_instructor":true,"login_count":1,"search_count":0}
{"uid":3793213,"is_instructor":false,"login_count":3,"search_count":0}
{"uid":13347750,"is_instructor":false,"login_count":2,"search_count":0}
{"uid":174623,"is_instructor":false,"login_count":2,"search_count":0}
{"uid":8362133,"is_instructor":false,"login_count":2,"search_count":0}
{"uid":1112901,"is_instructor":false,"login_count":2,"search_count":3}
{"uid":12841592,"is_instructor":false,"login_count":1,"search_count":0}
{"uid":7268642,"is_instructor":false,"login_count":4,"search_count":1}
{"uid":1205992,"is_instructor":true,"login_count":1,"search_count":2}
{"uid":7651699,"is_instructor":false,"login_count":3,"search_count":0}
{"uid":3400195,"is_instructor":false,"login_count":7,"search_count":0}
{"uid":14480189,"is_instructor":false,"login_count":4,"search_count":0}
{"uid":11094049,"is_instructor":false,"login_count":1,"search_count":0}
{"uid":5873655,"is_instructor":false,"login_count":10,"search_count":0}
{"uid":14368713,"is_instructor":false,"login_count":1,"search_count":0}
{"uid":6346662,"is_instructor":true,"login_count":1,"search_count":0}
{"uid":3381743,"is_instructor":true,"login_count":1,"search_count":0}
{"uid":7883105,"is_instructor":false,"login_count":1,"search_count":1}
{"uid":9237691,"is_instructor":false,"login_count":1,"search_count":1}
{"uid":13822965,"is_instructor":false,"login_count":1,"search_count":0}
{"uid":9787962,"is_instructor":true,"login_count":5,"search_count":0}
{"uid":7616006,"is_instructor":false,"login_count":1,"search_count":0}
{"uid":10405976,"is_instructor":false,"login_count":1,"search_count":0}
{"uid":15310209,"is_instructor":false,"login_count":1,"search_count":1}
{"uid":12709365,"is_instructor":false,"login_count":2,"search_count":1}
{"uid":5543603,"is_instructor":false,"login_count":1,"search_count":0}
{"uid":351701,"is_instructor":true,"login_count":5,"search_count":0}
{"uid":1401104,"is_instructor":true,"login_count":2,"search_count":3}
{"uid":5454807,"is_instructor":true,"login_count":2,"search_count":1}
{"uid":6312797,"is_instructor":true,"login_count":4,"search_count":0}
{"uid":9036705,"is_instructor":true,"login_count":2,"search_count":0}
{"uid":2903266,"is_instructor":false,"login_count":3,"search_count":4}
{"uid":5171258,"is_instructor":false,"login_count":2,"search_count":0}
{"uid":1962364,"is_instructor":false,"login_count":1,"search_count":0}
{"uid":9409814,"is_instructor":true,"login_count":3,"search_count":0}
{"uid":4068379,"is_instructor":false,"login_count":6,"search_count":6}
{"uid":5706204,"is_instructor":true,"login_count":2,"search_count":0}
{"uid":15177886,"is_instructor":false,"login_count":3,"search_count":1}
{"uid":2028090,"is_instructor":false,"login_count":2,"search_count":0}
{"uid":14602674,"is_instructor":false,"login_count":2,"search_count":0}
{"uid":16164763,"is_instructor":false,"login_count":2,"search_count":1}
{"uid":7249046,"is_instructor":true,"login_count":3,"search_count":1}
{"uid":8026425,"is_instructor":true,"login_count":3,"search_count":0}
{"uid":8881504,"is_instructor":false,"login_count":3,"search_count":2}
{"uid":8134,"is_instructor":false,"login_count":2,"search_count":2}
{"uid":14240595,"is_instructor":false,"login_count":1,"search_count":0}
{"uid":3013413,"is_instructor":true,"login_count":5,"search_count":0}
{"uid":1668679,"is_instructor":false,"login_count":2,"search_count":0}
{"uid":6254122,"is_instructor":true,"login_count":1,"search_count":0}
{"uid":16619457,"is_instructor":true,"login_count":1,"search_count":0}
{"uid":14788138,"is_instructor":false,"login_count":5,"search_count":0}
{"uid":13971452,"is_instructor":false,"login_count":1,"search_count":0}
{"uid":5680818,"is_instructor":true,"login_count":1,"search_count":0}
{"uid":2051872,"is_instructor":true,"login_count":2,"search_count":0}
{"uid":5846604,"is_instructor":false,"login_count":1,"search_count":3}
{"uid":8913182,"is_instructor":false,"login_count":1,"search_count":0}
{"uid":9728812,"is_instructor":false,"login_count":4,"search_count":3}
{"uid":9220815,"is_instructor":false,"login_count":3,"search_count":4}
{"uid":6103658,"is_instructor":true,"login_count":2,"search_count":2}
{"uid":13437254,"is_instructor":false,"login_count":1,"search_count":0}
{"uid":5336266,"is_instructor":false,"login_count":7,"search_count":0}
{"uid":5864293,"is_instructor":false,"login_count":1,"search_count":0}
{"uid":9164081,"is_instructor":false,"login_count":1,"search_count":1}
{"uid":14780717,"is_instructor":false,"login_count":2,"search_count":3}
{"uid":2122824,"is_instructor":false,"login_count":1,"search_count":0}
{"uid":5838732,"is_instructor":false,"login_count":2,"search_count":0}
{"uid":13734206,"is_instructor":true,"login_count":4,"search_count":1}
{"uid":4990420,"is_instructor":false,"login_count":1,"search_count":2}
{"uid":5696405,"is_instructor":false,"login_count":2,"search_count":2}
{"uid":9143254,"is_instructor":false,"login_count":2,"search_count":2}
{"uid":6580404,"is_instructor":true,"login_count":3,"search_count":3}
{"uid":1108670,"is_instructor":true,"login_count":2,"search_count":9}
{"uid":5958561,"is_instructor":false,"login_count":4,"search_count":0}
{"uid":12710724,"is_instructor":false,"login_count":1,"search_count":0}
{"uid":14273796,"is_instructor":true,"login_count":12,"search_count":0}
{"uid":1475209,"is_instructor":false,"login_count":2,"search_count":0}
{"uid":6448802,"is_instructor":true,"login_count":1,"search_count":1}
{"uid":8698521,"is_instructor":true,"login_count":3,"search_count":0}
{"uid":10141047,"is_instructor":false,"login_count":1,"search_count":0}
{"uid":1572895,"is_instructor":false,"login_count":1,"search_count":2}
{"uid":6954951,"is_instructor":true,"login_count":2,"search_count":0}
{"uid":12231197,"is_instructor":false,"login_count":1,"search_count":0}
{"uid":2849545,"is_instructor":false,"login_count":4,"search_count":0}
{"uid":6810415,"is_instructor":false,"login_count":2,"search_count":0}
{"uid":16412676,"is_instructor":true,"login_count":4,"search_count":0}
{"uid":16768212,"is_instructor":false,"login_count":2,"search_count":0}
{"uid":7643715,"is_instructor":true,"login_count":1,"search_count":0}
{"uid":14838641,"is_instructor":false,"login_count":1,"search_count":0}
{"uid":6454817,"is_instructor":false,"login_count":2,"search_count":0}
{"uid":9276990,"is_instructor":false,"login_count":2,"search_count":3}